time_sk,full_time,hour_number,minute_number,time_period,is_peak_hour
0,00:00:00,0,0,Malam,False
1,00:01:00,0,1,Malam,False
2,00:02:00,0,2,Malam,False
3,00:03:00,0,3,Malam,False
4,00:04:00,0,4,Malam,False
5,00:05:00,0,5,Malam,False
6,00:06:00,0,6,Malam,False
7,00:07:00,0,7,Malam,False
8,00:08:00,0,8,Malam,False
9,00:09:00,0,9,Malam,False
10,00:10:00,0,10,Malam,False
11,00:11:00,0,11,Malam,False
12,00:12:00,0,12,Malam,False
13,00:13:00,0,13,Malam,False
14,00:14:00,0,14,Malam,False
15,00:15:00,0,15,Malam,False
16,00:16:00,0,16,Malam,False
17,00:17:00,0,17,Malam,False
18,00:18:00,0,18,Malam,False
19,00:19:00,0,19,Malam,False
20,00:20:00,0,20,Malam,False
21,00:21:00,0,21,Malam,False
22,00:22:00,0,22,Malam,False
23,00:23:00,0,23,Malam,False
24,00:24:00,0,24,Malam,False
25,00:25:00,0,25,Malam,False
26,00:26:00,0,26,Malam,False
27,00:27:00,0,27,Malam,False
28,00:28:00,0,28,Malam,False
29,00:29:00,0,29,Malam,False
30,00:30:00,0,30,Malam,False
31,00:31:00,0,31,Malam,False
32,00:32:00,0,32,Malam,False
33,00:33:00,0,33,Malam,False
34,00:34:00,0,34,Malam,False
35,00:35:00,0,35,Malam,False
36,00:36:00,0,36,Malam,False
37,00:37:00,0,37,Malam,False
38,00:38:00,0,38,Malam,False
39,00:39:00,0,39,Malam,False
40,00:40:00,0,40,Malam,False
41,00:41:00,0,41,Malam,False
42,00:42:00,0,42,Malam,False
43,00:43:00,0,43,Malam,False
44,00:44:00,0,44,Malam,False
45,00:45:00,0,45,Malam,False
46,00:46:00,0,46,Malam,False
47,00:47:00,0,47,Malam,False
48,00:48:00,0,48,Malam,False
49,00:49:00,0,49,Malam,False
50,00:50:00,0,50,Malam,False
51,00:51:00,0,51,Malam,False
52,00:52:00,0,52,Malam,False
53,00:53:00,0,53,Malam,False
54,00:54:00,0,54,Malam,False
55,00:55:00,0,55,Malam,False
56,00:56:00,0,56,Malam,False
57,00:57:00,0,57,Malam,False
58,00:58:00,0,58,Malam,False
59,00:59:00,0,59,Malam,False
100,01:00:00,1,0,Malam,False
101,01:01:00,1,1,Malam,False
102,01:02:00,1,2,Malam,False
103,01:03:00,1,3,Malam,False
104,01:04:00,1,4,Malam,False
105,01:05:00,1,5,Malam,False
106,01:06:00,1,6,Malam,False
107,01:07:00,1,7,Malam,False
108,01:08:00,1,8,Malam,False
109,01:09:00,1,9,Malam,False
110,01:10:00,1,10,Malam,False
111,01:11:00,1,11,Malam,False
112,01:12:00,1,12,Malam,False
113,01:13:00,1,13,Malam,False
114,01:14:00,1,14,Malam,False
115,01:15:00,1,15,Malam,False
116,01:16:00,1,16,Malam,False
117,01:17:00,1,17,Malam,False
118,01:18:00,1,18,Malam,False
119,01:19:00,1,19,Malam,False
120,01:20:00,1,20,Malam,False
121,01:21:00,1,21,Malam,False
122,01:22:00,1,22,Malam,False
123,01:23:00,1,23,Malam,False
124,01:24:00,1,24,Malam,False
125,01:25:00,1,25,Malam,False
126,01:26:00,1,26,Malam,False
127,01:27:00,1,27,Malam,False
128,01:28:00,1,28,Malam,False
129,01:29:00,1,29,Malam,False
130,01:30:00,1,30,Malam,False
131,01:31:00,1,31,Malam,False
132,01:32:00,1,32,Malam,False
133,01:33:00,1,33,Malam,False
134,01:34:00,1,34,Malam,False
135,01:35:00,1,35,Malam,False
136,01:36:00,1,36,Malam,False
137,01:37:00,1,37,Malam,False
138,01:38:00,1,38,Malam,False
139,01:39:00,1,39,Malam,False
140,01:40:00,1,40,Malam,False
141,01:41:00,1,41,Malam,False
142,01:42:00,1,42,Malam,False
143,01:43:00,1,43,Malam,False
144,01:44:00,1,44,Malam,False
145,01:45:00,1,45,Malam,False
146,01:46:00,1,46,Malam,False
147,01:47:00,1,47,Malam,False
148,01:48:00,1,48,Malam,False
149,01:49:00,1,49,Malam,False
150,01:50:00,1,50,Malam,False
151,01:51:00,1,51,Malam,False
152,01:52:00,1,52,Malam,False
153,01:53:00,1,53,Malam,False
154,01:54:00,1,54,Malam,False
155,01:55:00,1,55,Malam,False
156,01:56:00,1,56,Malam,False
157,01:57:00,1,57,Malam,False
158,01:58:00,1,58,Malam,False
159,01:59:00,1,59,Malam,False
200,02:00:00,2,0,Malam,False
201,02:01:00,2,1,Malam,False
202,02:02:00,2,2,Malam,False
203,02:03:00,2,3,Malam,False
204,02:04:00,2,4,Malam,False
205,02:05:00,2,5,Malam,False
206,02:06:00,2,6,Malam,False
207,02:07:00,2,7,Malam,False
208,02:08:00,2,8,Malam,False
209,02:09:00,2,9,Malam,False
210,02:10:00,2,10,Malam,False
211,02:11:00,2,11,Malam,False
212,02:12:00,2,12,Malam,False
213,02:13:00,2,13,Malam,False
214,02:14:00,2,14,Malam,False
215,02:15:00,2,15,Malam,False
216,02:16:00,2,16,Malam,False
217,02:17:00,2,17,Malam,False
218,02:18:00,2,18,Malam,False
219,02:19:00,2,19,Malam,False
220,02:20:00,2,20,Malam,False
221,02:21:00,2,21,Malam,False
222,02:22:00,2,22,Malam,False
223,02:23:00,2,23,Malam,False
224,02:24:00,2,24,Malam,False
225,02:25:00,2,25,Malam,False
226,02:26:00,2,26,Malam,False
227,02:27:00,2,27,Malam,False
228,02:28:00,2,28,Malam,False
229,02:29:00,2,29,Malam,False
230,02:30:00,2,30,Malam,False
231,02:31:00,2,31,Malam,False
232,02:32:00,2,32,Malam,False
233,02:33:00,2,33,Malam,False
234,02:34:00,2,34,Malam,False
235,02:35:00,2,35,Malam,False
236,02:36:00,2,36,Malam,False
237,02:37:00,2,37,Malam,False
238,02:38:00,2,38,Malam,False
239,02:39:00,2,39,Malam,False
240,02:40:00,2,40,Malam,False
241,02:41:00,2,41,Malam,False
242,02:42:00,2,42,Malam,False
243,02:43:00,2,43,Malam,False
244,02:44:00,2,44,Malam,False
245,02:45:00,2,45,Malam,False
246,02:46:00,2,46,Malam,False
247,02:47:00,2,47,Malam,False
248,02:48:00,2,48,Malam,False
249,02:49:00,2,49,Malam,False
250,02:50:00,2,50,Malam,False
251,02:51:00,2,51,Malam,False
252,02:52:00,2,52,Malam,False
253,02:53:00,2,53,Malam,False
254,02:54:00,2,54,Malam,False
255,02:55:00,2,55,Malam,False
256,02:56:00,2,56,Malam,False
257,02:57:00,2,57,Malam,False
258,02:58:00,2,58,Malam,False
259,02:59:00,2,59,Malam,False
300,03:00:00,3,0,Malam,False
301,03:01:00,3,1,Malam,False
302,03:02:00,3,2,Malam,False
303,03:03:00,3,3,Malam,False
304,03:04:00,3,4,Malam,False
305,03:05:00,3,5,Malam,False
306,03:06:00,3,6,Malam,False
307,03:07:00,3,7,Malam,False
308,03:08:00,3,8,Malam,False
309,03:09:00,3,9,Malam,False
310,03:10:00,3,10,Malam,False
311,03:11:00,3,11,Malam,False
312,03:12:00,3,12,Malam,False
313,03:13:00,3,13,Malam,False
314,03:14:00,3,14,Malam,False
315,03:15:00,3,15,Malam,False
316,03:16:00,3,16,Malam,False
317,03:17:00,3,17,Malam,False
318,03:18:00,3,18,Malam,False
319,03:19:00,3,19,Malam,False
320,03:20:00,3,20,Malam,False
321,03:21:00,3,21,Malam,False
322,03:22:00,3,22,Malam,False
323,03:23:00,3,23,Malam,False
324,03:24:00,3,24,Malam,False
325,03:25:00,3,25,Malam,False
326,03:26:00,3,26,Malam,False
327,03:27:00,3,27,Malam,False
328,03:28:00,3,28,Malam,False
329,03:29:00,3,29,Malam,False
330,03:30:00,3,30,Malam,False
331,03:31:00,3,31,Malam,False
332,03:32:00,3,32,Malam,False
333,03:33:00,3,33,Malam,False
334,03:34:00,3,34,Malam,False
335,03:35:00,3,35,Malam,False
336,03:36:00,3,36,Malam,False
337,03:37:00,3,37,Malam,False
338,03:38:00,3,38,Malam,False
339,03:39:00,3,39,Malam,False
340,03:40:00,3,40,Malam,False
341,03:41:00,3,41,Malam,False
342,03:42:00,3,42,Malam,False
343,03:43:00,3,43,Malam,False
344,03:44:00,3,44,Malam,False
345,03:45:00,3,45,Malam,False
346,03:46:00,3,46,Malam,False
347,03:47:00,3,47,Malam,False
348,03:48:00,3,48,Malam,False
349,03:49:00,3,49,Malam,False
350,03:50:00,3,50,Malam,False
351,03:51:00,3,51,Malam,False
352,03:52:00,3,52,Malam,False
353,03:53:00,3,53,Malam,False
354,03:54:00,3,54,Malam,False
355,03:55:00,3,55,Malam,False
356,03:56:00,3,56,Malam,False
357,03:57:00,3,57,Malam,False
358,03:58:00,3,58,Malam,False
359,03:59:00,3,59,Malam,False
400,04:00:00,4,0,Malam,False
401,04:01:00,4,1,Malam,False
402,04:02:00,4,2,Malam,False
403,04:03:00,4,3,Malam,False
404,04:04:00,4,4,Malam,False
405,04:05:00,4,5,Malam,False
406,04:06:00,4,6,Malam,False
407,04:07:00,4,7,Malam,False
408,04:08:00,4,8,Malam,False
409,04:09:00,4,9,Malam,False
410,04:10:00,4,10,Malam,False
411,04:11:00,4,11,Malam,False
412,04:12:00,4,12,Malam,False
413,04:13:00,4,13,Malam,False
414,04:14:00,4,14,Malam,False
415,04:15:00,4,15,Malam,False
416,04:16:00,4,16,Malam,False
417,04:17:00,4,17,Malam,False
418,04:18:00,4,18,Malam,False
419,04:19:00,4,19,Malam,False
420,04:20:00,4,20,Malam,False
421,04:21:00,4,21,Malam,False
422,04:22:00,4,22,Malam,False
423,04:23:00,4,23,Malam,False
424,04:24:00,4,24,Malam,False
425,04:25:00,4,25,Malam,False
426,04:26:00,4,26,Malam,False
427,04:27:00,4,27,Malam,False
428,04:28:00,4,28,Malam,False
429,04:29:00,4,29,Malam,False
430,04:30:00,4,30,Malam,False
431,04:31:00,4,31,Malam,False
432,04:32:00,4,32,Malam,False
433,04:33:00,4,33,Malam,False
434,04:34:00,4,34,Malam,False
435,04:35:00,4,35,Malam,False
436,04:36:00,4,36,Malam,False
437,04:37:00,4,37,Malam,False
438,04:38:00,4,38,Malam,False
439,04:39:00,4,39,Malam,False
440,04:40:00,4,40,Malam,False
441,04:41:00,4,41,Malam,False
442,04:42:00,4,42,Malam,False
443,04:43:00,4,43,Malam,False
444,04:44:00,4,44,Malam,False
445,04:45:00,4,45,Malam,False
446,04:46:00,4,46,Malam,False
447,04:47:00,4,47,Malam,False
448,04:48:00,4,48,Malam,False
449,04:49:00,4,49,Malam,False
450,04:50:00,4,50,Malam,False
451,04:51:00,4,51,Malam,False
452,04:52:00,4,52,Malam,False
453,04:53:00,4,53,Malam,False
454,04:54:00,4,54,Malam,False
455,04:55:00,4,55,Malam,False
456,04:56:00,4,56,Malam,False
457,04:57:00,4,57,Malam,False
458,04:58:00,4,58,Malam,False
459,04:59:00,4,59,Malam,False
500,05:00:00,5,0,Pagi,False
501,05:01:00,5,1,Pagi,False
502,05:02:00,5,2,Pagi,False
503,05:03:00,5,3,Pagi,False
504,05:04:00,5,4,Pagi,False
505,05:05:00,5,5,Pagi,False
506,05:06:00,5,6,Pagi,False
507,05:07:00,5,7,Pagi,False
508,05:08:00,5,8,Pagi,False
509,05:09:00,5,9,Pagi,False
510,05:10:00,5,10,Pagi,False
511,05:11:00,5,11,Pagi,False
512,05:12:00,5,12,Pagi,False
513,05:13:00,5,13,Pagi,False
514,05:14:00,5,14,Pagi,False
515,05:15:00,5,15,Pagi,False
516,05:16:00,5,16,Pagi,False
517,05:17:00,5,17,Pagi,False
518,05:18:00,5,18,Pagi,False
519,05:19:00,5,19,Pagi,False
520,05:20:00,5,20,Pagi,False
521,05:21:00,5,21,Pagi,False
522,05:22:00,5,22,Pagi,False
523,05:23:00,5,23,Pagi,False
524,05:24:00,5,24,Pagi,False
525,05:25:00,5,25,Pagi,False
526,05:26:00,5,26,Pagi,False
527,05:27:00,5,27,Pagi,False
528,05:28:00,5,28,Pagi,False
529,05:29:00,5,29,Pagi,False
530,05:30:00,5,30,Pagi,False
531,05:31:00,5,31,Pagi,False
532,05:32:00,5,32,Pagi,False
533,05:33:00,5,33,Pagi,False
534,05:34:00,5,34,Pagi,False
535,05:35:00,5,35,Pagi,False
536,05:36:00,5,36,Pagi,False
537,05:37:00,5,37,Pagi,False
538,05:38:00,5,38,Pagi,False
539,05:39:00,5,39,Pagi,False
540,05:40:00,5,40,Pagi,False
541,05:41:00,5,41,Pagi,False
542,05:42:00,5,42,Pagi,False
543,05:43:00,5,43,Pagi,False
544,05:44:00,5,44,Pagi,False
545,05:45:00,5,45,Pagi,False
546,05:46:00,5,46,Pagi,False
547,05:47:00,5,47,Pagi,False
548,05:48:00,5,48,Pagi,False
549,05:49:00,5,49,Pagi,False
550,05:50:00,5,50,Pagi,False
551,05:51:00,5,51,Pagi,False
552,05:52:00,5,52,Pagi,False
553,05:53:00,5,53,Pagi,False
554,05:54:00,5,54,Pagi,False
555,05:55:00,5,55,Pagi,False
556,05:56:00,5,56,Pagi,False
557,05:57:00,5,57,Pagi,False
558,05:58:00,5,58,Pagi,False
559,05:59:00,5,59,Pagi,False
600,06:00:00,6,0,Pagi,True
601,06:01:00,6,1,Pagi,True
602,06:02:00,6,2,Pagi,True
603,06:03:00,6,3,Pagi,True
604,06:04:00,6,4,Pagi,True
605,06:05:00,6,5,Pagi,True
606,06:06:00,6,6,Pagi,True
607,06:07:00,6,7,Pagi,True
608,06:08:00,6,8,Pagi,True
609,06:09:00,6,9,Pagi,True
610,06:10:00,6,10,Pagi,True
611,06:11:00,6,11,Pagi,True
612,06:12:00,6,12,Pagi,True
613,06:13:00,6,13,Pagi,True
614,06:14:00,6,14,Pagi,True
615,06:15:00,6,15,Pagi,True
616,06:16:00,6,16,Pagi,True
617,06:17:00,6,17,Pagi,True
618,06:18:00,6,18,Pagi,True
619,06:19:00,6,19,Pagi,True
620,06:20:00,6,20,Pagi,True
621,06:21:00,6,21,Pagi,True
622,06:22:00,6,22,Pagi,True
623,06:23:00,6,23,Pagi,True
624,06:24:00,6,24,Pagi,True
625,06:25:00,6,25,Pagi,True
626,06:26:00,6,26,Pagi,True
627,06:27:00,6,27,Pagi,True
628,06:28:00,6,28,Pagi,True
629,06:29:00,6,29,Pagi,True
630,06:30:00,6,30,Pagi,True
631,06:31:00,6,31,Pagi,True
632,06:32:00,6,32,Pagi,True
633,06:33:00,6,33,Pagi,True
634,06:34:00,6,34,Pagi,True
635,06:35:00,6,35,Pagi,True
636,06:36:00,6,36,Pagi,True
637,06:37:00,6,37,Pagi,True
638,06:38:00,6,38,Pagi,True
639,06:39:00,6,39,Pagi,True
640,06:40:00,6,40,Pagi,True
641,06:41:00,6,41,Pagi,True
642,06:42:00,6,42,Pagi,True
643,06:43:00,6,43,Pagi,True
644,06:44:00,6,44,Pagi,True
645,06:45:00,6,45,Pagi,True
646,06:46:00,6,46,Pagi,True
647,06:47:00,6,47,Pagi,True
648,06:48:00,6,48,Pagi,True
649,06:49:00,6,49,Pagi,True
650,06:50:00,6,50,Pagi,True
651,06:51:00,6,51,Pagi,True
652,06:52:00,6,52,Pagi,True
653,06:53:00,6,53,Pagi,True
654,06:54:00,6,54,Pagi,True
655,06:55:00,6,55,Pagi,True
656,06:56:00,6,56,Pagi,True
657,06:57:00,6,57,Pagi,True
658,06:58:00,6,58,Pagi,True
659,06:59:00,6,59,Pagi,True
700,07:00:00,7,0,Pagi,True
701,07:01:00,7,1,Pagi,True
702,07:02:00,7,2,Pagi,True
703,07:03:00,7,3,Pagi,True
704,07:04:00,7,4,Pagi,True
705,07:05:00,7,5,Pagi,True
706,07:06:00,7,6,Pagi,True
707,07:07:00,7,7,Pagi,True
708,07:08:00,7,8,Pagi,True
709,07:09:00,7,9,Pagi,True
710,07:10:00,7,10,Pagi,True
711,07:11:00,7,11,Pagi,True
712,07:12:00,7,12,Pagi,True
713,07:13:00,7,13,Pagi,True
714,07:14:00,7,14,Pagi,True
715,07:15:00,7,15,Pagi,True
716,07:16:00,7,16,Pagi,True
717,07:17:00,7,17,Pagi,True
718,07:18:00,7,18,Pagi,True
719,07:19:00,7,19,Pagi,True
720,07:20:00,7,20,Pagi,True
721,07:21:00,7,21,Pagi,True
722,07:22:00,7,22,Pagi,True
723,07:23:00,7,23,Pagi,True
724,07:24:00,7,24,Pagi,True
725,07:25:00,7,25,Pagi,True
726,07:26:00,7,26,Pagi,True
727,07:27:00,7,27,Pagi,True
728,07:28:00,7,28,Pagi,True
729,07:29:00,7,29,Pagi,True
730,07:30:00,7,30,Pagi,True
731,07:31:00,7,31,Pagi,True
732,07:32:00,7,32,Pagi,True
733,07:33:00,7,33,Pagi,True
734,07:34:00,7,34,Pagi,True
735,07:35:00,7,35,Pagi,True
736,07:36:00,7,36,Pagi,True
737,07:37:00,7,37,Pagi,True
738,07:38:00,7,38,Pagi,True
739,07:39:00,7,39,Pagi,True
740,07:40:00,7,40,Pagi,True
741,07:41:00,7,41,Pagi,True
742,07:42:00,7,42,Pagi,True
743,07:43:00,7,43,Pagi,True
744,07:44:00,7,44,Pagi,True
745,07:45:00,7,45,Pagi,True
746,07:46:00,7,46,Pagi,True
747,07:47:00,7,47,Pagi,True
748,07:48:00,7,48,Pagi,True
749,07:49:00,7,49,Pagi,True
750,07:50:00,7,50,Pagi,True
751,07:51:00,7,51,Pagi,True
752,07:52:00,7,52,Pagi,True
753,07:53:00,7,53,Pagi,True
754,07:54:00,7,54,Pagi,True
755,07:55:00,7,55,Pagi,True
756,07:56:00,7,56,Pagi,True
757,07:57:00,7,57,Pagi,True
758,07:58:00,7,58,Pagi,True
759,07:59:00,7,59,Pagi,True
800,08:00:00,8,0,Pagi,True
801,08:01:00,8,1,Pagi,True
802,08:02:00,8,2,Pagi,True
803,08:03:00,8,3,Pagi,True
804,08:04:00,8,4,Pagi,True
805,08:05:00,8,5,Pagi,True
806,08:06:00,8,6,Pagi,True
807,08:07:00,8,7,Pagi,True
808,08:08:00,8,8,Pagi,True
809,08:09:00,8,9,Pagi,True
810,08:10:00,8,10,Pagi,True
811,08:11:00,8,11,Pagi,True
812,08:12:00,8,12,Pagi,True
813,08:13:00,8,13,Pagi,True
814,08:14:00,8,14,Pagi,True
815,08:15:00,8,15,Pagi,True
816,08:16:00,8,16,Pagi,True
817,08:17:00,8,17,Pagi,True
818,08:18:00,8,18,Pagi,True
819,08:19:00,8,19,Pagi,True
820,08:20:00,8,20,Pagi,True
821,08:21:00,8,21,Pagi,True
822,08:22:00,8,22,Pagi,True
823,08:23:00,8,23,Pagi,True
824,08:24:00,8,24,Pagi,True
825,08:25:00,8,25,Pagi,True
826,08:26:00,8,26,Pagi,True
827,08:27:00,8,27,Pagi,True
828,08:28:00,8,28,Pagi,True
829,08:29:00,8,29,Pagi,True
830,08:30:00,8,30,Pagi,True
831,08:31:00,8,31,Pagi,True
832,08:32:00,8,32,Pagi,True
833,08:33:00,8,33,Pagi,True
834,08:34:00,8,34,Pagi,True
835,08:35:00,8,35,Pagi,True
836,08:36:00,8,36,Pagi,True
837,08:37:00,8,37,Pagi,True
838,08:38:00,8,38,Pagi,True
839,08:39:00,8,39,Pagi,True
840,08:40:00,8,40,Pagi,True
841,08:41:00,8,41,Pagi,True
842,08:42:00,8,42,Pagi,True
843,08:43:00,8,43,Pagi,True
844,08:44:00,8,44,Pagi,True
845,08:45:00,8,45,Pagi,True
846,08:46:00,8,46,Pagi,True
847,08:47:00,8,47,Pagi,True
848,08:48:00,8,48,Pagi,True
849,08:49:00,8,49,Pagi,True
850,08:50:00,8,50,Pagi,True
851,08:51:00,8,51,Pagi,True
852,08:52:00,8,52,Pagi,True
853,08:53:00,8,53,Pagi,True
854,08:54:00,8,54,Pagi,True
855,08:55:00,8,55,Pagi,True
856,08:56:00,8,56,Pagi,True
857,08:57:00,8,57,Pagi,True
858,08:58:00,8,58,Pagi,True
859,08:59:00,8,59,Pagi,True
900,09:00:00,9,0,Pagi,False
901,09:01:00,9,1,Pagi,False
902,09:02:00,9,2,Pagi,False
903,09:03:00,9,3,Pagi,False
904,09:04:00,9,4,Pagi,False
905,09:05:00,9,5,Pagi,False
906,09:06:00,9,6,Pagi,False
907,09:07:00,9,7,Pagi,False
908,09:08:00,9,8,Pagi,False
909,09:09:00,9,9,Pagi,False
910,09:10:00,9,10,Pagi,False
911,09:11:00,9,11,Pagi,False
912,09:12:00,9,12,Pagi,False
913,09:13:00,9,13,Pagi,False
914,09:14:00,9,14,Pagi,False
915,09:15:00,9,15,Pagi,False
916,09:16:00,9,16,Pagi,False
917,09:17:00,9,17,Pagi,False
918,09:18:00,9,18,Pagi,False
919,09:19:00,9,19,Pagi,False
920,09:20:00,9,20,Pagi,False
921,09:21:00,9,21,Pagi,False
922,09:22:00,9,22,Pagi,False
923,09:23:00,9,23,Pagi,False
924,09:24:00,9,24,Pagi,False
925,09:25:00,9,25,Pagi,False
926,09:26:00,9,26,Pagi,False
927,09:27:00,9,27,Pagi,False
928,09:28:00,9,28,Pagi,False
929,09:29:00,9,29,Pagi,False
930,09:30:00,9,30,Pagi,False
931,09:31:00,9,31,Pagi,False
932,09:32:00,9,32,Pagi,False
933,09:33:00,9,33,Pagi,False
934,09:34:00,9,34,Pagi,False
935,09:35:00,9,35,Pagi,False
936,09:36:00,9,36,Pagi,False
937,09:37:00,9,37,Pagi,False
938,09:38:00,9,38,Pagi,False
939,09:39:00,9,39,Pagi,False
940,09:40:00,9,40,Pagi,False
941,09:41:00,9,41,Pagi,False
942,09:42:00,9,42,Pagi,False
943,09:43:00,9,43,Pagi,False
944,09:44:00,9,44,Pagi,False
945,09:45:00,9,45,Pagi,False
946,09:46:00,9,46,Pagi,False
947,09:47:00,9,47,Pagi,False
948,09:48:00,9,48,Pagi,False
949,09:49:00,9,49,Pagi,False
950,09:50:00,9,50,Pagi,False
951,09:51:00,9,51,Pagi,False
952,09:52:00,9,52,Pagi,False
953,09:53:00,9,53,Pagi,False
954,09:54:00,9,54,Pagi,False
955,09:55:00,9,55,Pagi,False
956,09:56:00,9,56,Pagi,False
957,09:57:00,9,57,Pagi,False
958,09:58:00,9,58,Pagi,False
959,09:59:00,9,59,Pagi,False
1000,10:00:00,10,0,Pagi,False
1001,10:01:00,10,1,Pagi,False
1002,10:02:00,10,2,Pagi,False
1003,10:03:00,10,3,Pagi,False
1004,10:04:00,10,4,Pagi,False
1005,10:05:00,10,5,Pagi,False
1006,10:06:00,10,6,Pagi,False
1007,10:07:00,10,7,Pagi,False
1008,10:08:00,10,8,Pagi,False
1009,10:09:00,10,9,Pagi,False
1010,10:10:00,10,10,Pagi,False
1011,10:11:00,10,11,Pagi,False
1012,10:12:00,10,12,Pagi,False
1013,10:13:00,10,13,Pagi,False
1014,10:14:00,10,14,Pagi,False
1015,10:15:00,10,15,Pagi,False
1016,10:16:00,10,16,Pagi,False
1017,10:17:00,10,17,Pagi,False
1018,10:18:00,10,18,Pagi,False
1019,10:19:00,10,19,Pagi,False
1020,10:20:00,10,20,Pagi,False
1021,10:21:00,10,21,Pagi,False
1022,10:22:00,10,22,Pagi,False
1023,10:23:00,10,23,Pagi,False
1024,10:24:00,10,24,Pagi,False
1025,10:25:00,10,25,Pagi,False
1026,10:26:00,10,26,Pagi,False
1027,10:27:00,10,27,Pagi,False
1028,10:28:00,10,28,Pagi,False
1029,10:29:00,10,29,Pagi,False
1030,10:30:00,10,30,Pagi,False
1031,10:31:00,10,31,Pagi,False
1032,10:32:00,10,32,Pagi,False
1033,10:33:00,10,33,Pagi,False
1034,10:34:00,10,34,Pagi,False
1035,10:35:00,10,35,Pagi,False
1036,10:36:00,10,36,Pagi,False
1037,10:37:00,10,37,Pagi,False
1038,10:38:00,10,38,Pagi,False
1039,10:39:00,10,39,Pagi,False
1040,10:40:00,10,40,Pagi,False
1041,10:41:00,10,41,Pagi,False
1042,10:42:00,10,42,Pagi,False
1043,10:43:00,10,43,Pagi,False
1044,10:44:00,10,44,Pagi,False
1045,10:45:00,10,45,Pagi,False
1046,10:46:00,10,46,Pagi,False
1047,10:47:00,10,47,Pagi,False
1048,10:48:00,10,48,Pagi,False
1049,10:49:00,10,49,Pagi,False
1050,10:50:00,10,50,Pagi,False
1051,10:51:00,10,51,Pagi,False
1052,10:52:00,10,52,Pagi,False
1053,10:53:00,10,53,Pagi,False
1054,10:54:00,10,54,Pagi,False
1055,10:55:00,10,55,Pagi,False
1056,10:56:00,10,56,Pagi,False
1057,10:57:00,10,57,Pagi,False
1058,10:58:00,10,58,Pagi,False
1059,10:59:00,10,59,Pagi,False
1100,11:00:00,11,0,Siang,False
1101,11:01:00,11,1,Siang,False
1102,11:02:00,11,2,Siang,False
1103,11:03:00,11,3,Siang,False
1104,11:04:00,11,4,Siang,False
1105,11:05:00,11,5,Siang,False
1106,11:06:00,11,6,Siang,False
1107,11:07:00,11,7,Siang,False
1108,11:08:00,11,8,Siang,False
1109,11:09:00,11,9,Siang,False
1110,11:10:00,11,10,Siang,False
1111,11:11:00,11,11,Siang,False
1112,11:12:00,11,12,Siang,False
1113,11:13:00,11,13,Siang,False
1114,11:14:00,11,14,Siang,False
1115,11:15:00,11,15,Siang,False
1116,11:16:00,11,16,Siang,False
1117,11:17:00,11,17,Siang,False
1118,11:18:00,11,18,Siang,False
1119,11:19:00,11,19,Siang,False
1120,11:20:00,11,20,Siang,False
1121,11:21:00,11,21,Siang,False
1122,11:22:00,11,22,Siang,False
1123,11:23:00,11,23,Siang,False
1124,11:24:00,11,24,Siang,False
1125,11:25:00,11,25,Siang,False
1126,11:26:00,11,26,Siang,False
1127,11:27:00,11,27,Siang,False
1128,11:28:00,11,28,Siang,False
1129,11:29:00,11,29,Siang,False
1130,11:30:00,11,30,Siang,False
1131,11:31:00,11,31,Siang,False
1132,11:32:00,11,32,Siang,False
1133,11:33:00,11,33,Siang,False
1134,11:34:00,11,34,Siang,False
1135,11:35:00,11,35,Siang,False
1136,11:36:00,11,36,Siang,False
1137,11:37:00,11,37,Siang,False
1138,11:38:00,11,38,Siang,False
1139,11:39:00,11,39,Siang,False
1140,11:40:00,11,40,Siang,False
1141,11:41:00,11,41,Siang,False
1142,11:42:00,11,42,Siang,False
1143,11:43:00,11,43,Siang,False
1144,11:44:00,11,44,Siang,False
1145,11:45:00,11,45,Siang,False
1146,11:46:00,11,46,Siang,False
1147,11:47:00,11,47,Siang,False
1148,11:48:00,11,48,Siang,False
1149,11:49:00,11,49,Siang,False
1150,11:50:00,11,50,Siang,False
1151,11:51:00,11,51,Siang,False
1152,11:52:00,11,52,Siang,False
1153,11:53:00,11,53,Siang,False
1154,11:54:00,11,54,Siang,False
1155,11:55:00,11,55,Siang,False
1156,11:56:00,11,56,Siang,False
1157,11:57:00,11,57,Siang,False
1158,11:58:00,11,58,Siang,False
1159,11:59:00,11,59,Siang,False
1200,12:00:00,12,0,Siang,False
1201,12:01:00,12,1,Siang,False
1202,12:02:00,12,2,Siang,False
1203,12:03:00,12,3,Siang,False
1204,12:04:00,12,4,Siang,False
1205,12:05:00,12,5,Siang,False
1206,12:06:00,12,6,Siang,False
1207,12:07:00,12,7,Siang,False
1208,12:08:00,12,8,Siang,False
1209,12:09:00,12,9,Siang,False
1210,12:10:00,12,10,Siang,False
1211,12:11:00,12,11,Siang,False
1212,12:12:00,12,12,Siang,False
1213,12:13:00,12,13,Siang,False
1214,12:14:00,12,14,Siang,False
1215,12:15:00,12,15,Siang,False
1216,12:16:00,12,16,Siang,False
1217,12:17:00,12,17,Siang,False
1218,12:18:00,12,18,Siang,False
1219,12:19:00,12,19,Siang,False
1220,12:20:00,12,20,Siang,False
1221,12:21:00,12,21,Siang,False
1222,12:22:00,12,22,Siang,False
1223,12:23:00,12,23,Siang,False
1224,12:24:00,12,24,Siang,False
1225,12:25:00,12,25,Siang,False
1226,12:26:00,12,26,Siang,False
1227,12:27:00,12,27,Siang,False
1228,12:28:00,12,28,Siang,False
1229,12:29:00,12,29,Siang,False
1230,12:30:00,12,30,Siang,False
1231,12:31:00,12,31,Siang,False
1232,12:32:00,12,32,Siang,False
1233,12:33:00,12,33,Siang,False
1234,12:34:00,12,34,Siang,False
1235,12:35:00,12,35,Siang,False
1236,12:36:00,12,36,Siang,False
1237,12:37:00,12,37,Siang,False
1238,12:38:00,12,38,Siang,False
1239,12:39:00,12,39,Siang,False
1240,12:40:00,12,40,Siang,False
1241,12:41:00,12,41,Siang,False
1242,12:42:00,12,42,Siang,False
1243,12:43:00,12,43,Siang,False
1244,12:44:00,12,44,Siang,False
1245,12:45:00,12,45,Siang,False
1246,12:46:00,12,46,Siang,False
1247,12:47:00,12,47,Siang,False
1248,12:48:00,12,48,Siang,False
1249,12:49:00,12,49,Siang,False
1250,12:50:00,12,50,Siang,False
1251,12:51:00,12,51,Siang,False
1252,12:52:00,12,52,Siang,False
1253,12:53:00,12,53,Siang,False
1254,12:54:00,12,54,Siang,False
1255,12:55:00,12,55,Siang,False
1256,12:56:00,12,56,Siang,False
1257,12:57:00,12,57,Siang,False
1258,12:58:00,12,58,Siang,False
1259,12:59:00,12,59,Siang,False
1300,13:00:00,13,0,Siang,False
1301,13:01:00,13,1,Siang,False
1302,13:02:00,13,2,Siang,False
1303,13:03:00,13,3,Siang,False
1304,13:04:00,13,4,Siang,False
1305,13:05:00,13,5,Siang,False
1306,13:06:00,13,6,Siang,False
1307,13:07:00,13,7,Siang,False
1308,13:08:00,13,8,Siang,False
1309,13:09:00,13,9,Siang,False
1310,13:10:00,13,10,Siang,False
1311,13:11:00,13,11,Siang,False
1312,13:12:00,13,12,Siang,False
1313,13:13:00,13,13,Siang,False
1314,13:14:00,13,14,Siang,False
1315,13:15:00,13,15,Siang,False
1316,13:16:00,13,16,Siang,False
1317,13:17:00,13,17,Siang,False
1318,13:18:00,13,18,Siang,False
1319,13:19:00,13,19,Siang,False
1320,13:20:00,13,20,Siang,False
1321,13:21:00,13,21,Siang,False
1322,13:22:00,13,22,Siang,False
1323,13:23:00,13,23,Siang,False
1324,13:24:00,13,24,Siang,False
1325,13:25:00,13,25,Siang,False
1326,13:26:00,13,26,Siang,False
1327,13:27:00,13,27,Siang,False
1328,13:28:00,13,28,Siang,False
1329,13:29:00,13,29,Siang,False
1330,13:30:00,13,30,Siang,False
1331,13:31:00,13,31,Siang,False
1332,13:32:00,13,32,Siang,False
1333,13:33:00,13,33,Siang,False
1334,13:34:00,13,34,Siang,False
1335,13:35:00,13,35,Siang,False
1336,13:36:00,13,36,Siang,False
1337,13:37:00,13,37,Siang,False
1338,13:38:00,13,38,Siang,False
1339,13:39:00,13,39,Siang,False
1340,13:40:00,13,40,Siang,False
1341,13:41:00,13,41,Siang,False
1342,13:42:00,13,42,Siang,False
1343,13:43:00,13,43,Siang,False
1344,13:44:00,13,44,Siang,False
1345,13:45:00,13,45,Siang,False
1346,13:46:00,13,46,Siang,False
1347,13:47:00,13,47,Siang,False
1348,13:48:00,13,48,Siang,False
1349,13:49:00,13,49,Siang,False
1350,13:50:00,13,50,Siang,False
1351,13:51:00,13,51,Siang,False
1352,13:52:00,13,52,Siang,False
1353,13:53:00,13,53,Siang,False
1354,13:54:00,13,54,Siang,False
1355,13:55:00,13,55,Siang,False
1356,13:56:00,13,56,Siang,False
1357,13:57:00,13,57,Siang,False
1358,13:58:00,13,58,Siang,False
1359,13:59:00,13,59,Siang,False
1400,14:00:00,14,0,Siang,False
1401,14:01:00,14,1,Siang,False
1402,14:02:00,14,2,Siang,False
1403,14:03:00,14,3,Siang,False
1404,14:04:00,14,4,Siang,False
1405,14:05:00,14,5,Siang,False
1406,14:06:00,14,6,Siang,False
1407,14:07:00,14,7,Siang,False
1408,14:08:00,14,8,Siang,False
1409,14:09:00,14,9,Siang,False
1410,14:10:00,14,10,Siang,False
1411,14:11:00,14,11,Siang,False
1412,14:12:00,14,12,Siang,False
1413,14:13:00,14,13,Siang,False
1414,14:14:00,14,14,Siang,False
1415,14:15:00,14,15,Siang,False
1416,14:16:00,14,16,Siang,False
1417,14:17:00,14,17,Siang,False
1418,14:18:00,14,18,Siang,False
1419,14:19:00,14,19,Siang,False
1420,14:20:00,14,20,Siang,False
1421,14:21:00,14,21,Siang,False
1422,14:22:00,14,22,Siang,False
1423,14:23:00,14,23,Siang,False
1424,14:24:00,14,24,Siang,False
1425,14:25:00,14,25,Siang,False
1426,14:26:00,14,26,Siang,False
1427,14:27:00,14,27,Siang,False
1428,14:28:00,14,28,Siang,False
1429,14:29:00,14,29,Siang,False
1430,14:30:00,14,30,Siang,False
1431,14:31:00,14,31,Siang,False
1432,14:32:00,14,32,Siang,False
1433,14:33:00,14,33,Siang,False
1434,14:34:00,14,34,Siang,False
1435,14:35:00,14,35,Siang,False
1436,14:36:00,14,36,Siang,False
1437,14:37:00,14,37,Siang,False
1438,14:38:00,14,38,Siang,False
1439,14:39:00,14,39,Siang,False
1440,14:40:00,14,40,Siang,False
1441,14:41:00,14,41,Siang,False
1442,14:42:00,14,42,Siang,False
1443,14:43:00,14,43,Siang,False
1444,14:44:00,14,44,Siang,False
1445,14:45:00,14,45,Siang,False
1446,14:46:00,14,46,Siang,False
1447,14:47:00,14,47,Siang,False
1448,14:48:00,14,48,Siang,False
1449,14:49:00,14,49,Siang,False
1450,14:50:00,14,50,Siang,False
1451,14:51:00,14,51,Siang,False
1452,14:52:00,14,52,Siang,False
1453,14:53:00,14,53,Siang,False
1454,14:54:00,14,54,Siang,False
1455,14:55:00,14,55,Siang,False
1456,14:56:00,14,56,Siang,False
1457,14:57:00,14,57,Siang,False
1458,14:58:00,14,58,Siang,False
1459,14:59:00,14,59,Siang,False
1500,15:00:00,15,0,Sore,False
1501,15:01:00,15,1,Sore,False
1502,15:02:00,15,2,Sore,False
1503,15:03:00,15,3,Sore,False
1504,15:04:00,15,4,Sore,False
1505,15:05:00,15,5,Sore,False
1506,15:06:00,15,6,Sore,False
1507,15:07:00,15,7,Sore,False
1508,15:08:00,15,8,Sore,False
1509,15:09:00,15,9,Sore,False
1510,15:10:00,15,10,Sore,False
1511,15:11:00,15,11,Sore,False
1512,15:12:00,15,12,Sore,False
1513,15:13:00,15,13,Sore,False
1514,15:14:00,15,14,Sore,False
1515,15:15:00,15,15,Sore,False
1516,15:16:00,15,16,Sore,False
1517,15:17:00,15,17,Sore,False
1518,15:18:00,15,18,Sore,False
1519,15:19:00,15,19,Sore,False
1520,15:20:00,15,20,Sore,False
1521,15:21:00,15,21,Sore,False
1522,15:22:00,15,22,Sore,False
1523,15:23:00,15,23,Sore,False
1524,15:24:00,15,24,Sore,False
1525,15:25:00,15,25,Sore,False
1526,15:26:00,15,26,Sore,False
1527,15:27:00,15,27,Sore,False
1528,15:28:00,15,28,Sore,False
1529,15:29:00,15,29,Sore,False
1530,15:30:00,15,30,Sore,False
1531,15:31:00,15,31,Sore,False
1532,15:32:00,15,32,Sore,False
1533,15:33:00,15,33,Sore,False
1534,15:34:00,15,34,Sore,False
1535,15:35:00,15,35,Sore,False
1536,15:36:00,15,36,Sore,False
1537,15:37:00,15,37,Sore,False
1538,15:38:00,15,38,Sore,False
1539,15:39:00,15,39,Sore,False
1540,15:40:00,15,40,Sore,False
1541,15:41:00,15,41,Sore,False
1542,15:42:00,15,42,Sore,False
1543,15:43:00,15,43,Sore,False
1544,15:44:00,15,44,Sore,False
1545,15:45:00,15,45,Sore,False
1546,15:46:00,15,46,Sore,False
1547,15:47:00,15,47,Sore,False
1548,15:48:00,15,48,Sore,False
1549,15:49:00,15,49,Sore,False
1550,15:50:00,15,50,Sore,False
1551,15:51:00,15,51,Sore,False
1552,15:52:00,15,52,Sore,False
1553,15:53:00,15,53,Sore,False
1554,15:54:00,15,54,Sore,False
1555,15:55:00,15,55,Sore,False
1556,15:56:00,15,56,Sore,False
1557,15:57:00,15,57,Sore,False
1558,15:58:00,15,58,Sore,False
1559,15:59:00,15,59,Sore,False
1600,16:00:00,16,0,Sore,True
1601,16:01:00,16,1,Sore,True
1602,16:02:00,16,2,Sore,True
1603,16:03:00,16,3,Sore,True
1604,16:04:00,16,4,Sore,True
1605,16:05:00,16,5,Sore,True
1606,16:06:00,16,6,Sore,True
1607,16:07:00,16,7,Sore,True
1608,16:08:00,16,8,Sore,True
1609,16:09:00,16,9,Sore,True
1610,16:10:00,16,10,Sore,True
1611,16:11:00,16,11,Sore,True
1612,16:12:00,16,12,Sore,True
1613,16:13:00,16,13,Sore,True
1614,16:14:00,16,14,Sore,True
1615,16:15:00,16,15,Sore,True
1616,16:16:00,16,16,Sore,True
1617,16:17:00,16,17,Sore,True
1618,16:18:00,16,18,Sore,True
1619,16:19:00,16,19,Sore,True
1620,16:20:00,16,20,Sore,True
1621,16:21:00,16,21,Sore,True
1622,16:22:00,16,22,Sore,True
1623,16:23:00,16,23,Sore,True
1624,16:24:00,16,24,Sore,True
1625,16:25:00,16,25,Sore,True
1626,16:26:00,16,26,Sore,True
1627,16:27:00,16,27,Sore,True
1628,16:28:00,16,28,Sore,True
1629,16:29:00,16,29,Sore,True
1630,16:30:00,16,30,Sore,True
1631,16:31:00,16,31,Sore,True
1632,16:32:00,16,32,Sore,True
1633,16:33:00,16,33,Sore,True
1634,16:34:00,16,34,Sore,True
1635,16:35:00,16,35,Sore,True
1636,16:36:00,16,36,Sore,True
1637,16:37:00,16,37,Sore,True
1638,16:38:00,16,38,Sore,True
1639,16:39:00,16,39,Sore,True
1640,16:40:00,16,40,Sore,True
1641,16:41:00,16,41,Sore,True
1642,16:42:00,16,42,Sore,True
1643,16:43:00,16,43,Sore,True
1644,16:44:00,16,44,Sore,True
1645,16:45:00,16,45,Sore,True
1646,16:46:00,16,46,Sore,True
1647,16:47:00,16,47,Sore,True
1648,16:48:00,16,48,Sore,True
1649,16:49:00,16,49,Sore,True
1650,16:50:00,16,50,Sore,True
1651,16:51:00,16,51,Sore,True
1652,16:52:00,16,52,Sore,True
1653,16:53:00,16,53,Sore,True
1654,16:54:00,16,54,Sore,True
1655,16:55:00,16,55,Sore,True
1656,16:56:00,16,56,Sore,True
1657,16:57:00,16,57,Sore,True
1658,16:58:00,16,58,Sore,True
1659,16:59:00,16,59,Sore,True
1700,17:00:00,17,0,Sore,True
1701,17:01:00,17,1,Sore,True
1702,17:02:00,17,2,Sore,True
1703,17:03:00,17,3,Sore,True
1704,17:04:00,17,4,Sore,True
1705,17:05:00,17,5,Sore,True
1706,17:06:00,17,6,Sore,True
1707,17:07:00,17,7,Sore,True
1708,17:08:00,17,8,Sore,True
1709,17:09:00,17,9,Sore,True
1710,17:10:00,17,10,Sore,True
1711,17:11:00,17,11,Sore,True
1712,17:12:00,17,12,Sore,True
1713,17:13:00,17,13,Sore,True
1714,17:14:00,17,14,Sore,True
1715,17:15:00,17,15,Sore,True
1716,17:16:00,17,16,Sore,True
1717,17:17:00,17,17,Sore,True
1718,17:18:00,17,18,Sore,True
1719,17:19:00,17,19,Sore,True
1720,17:20:00,17,20,Sore,True
1721,17:21:00,17,21,Sore,True
1722,17:22:00,17,22,Sore,True
1723,17:23:00,17,23,Sore,True
1724,17:24:00,17,24,Sore,True
1725,17:25:00,17,25,Sore,True
1726,17:26:00,17,26,Sore,True
1727,17:27:00,17,27,Sore,True
1728,17:28:00,17,28,Sore,True
1729,17:29:00,17,29,Sore,True
1730,17:30:00,17,30,Sore,True
1731,17:31:00,17,31,Sore,True
1732,17:32:00,17,32,Sore,True
1733,17:33:00,17,33,Sore,True
1734,17:34:00,17,34,Sore,True
1735,17:35:00,17,35,Sore,True
1736,17:36:00,17,36,Sore,True
1737,17:37:00,17,37,Sore,True
1738,17:38:00,17,38,Sore,True
1739,17:39:00,17,39,Sore,True
1740,17:40:00,17,40,Sore,True
1741,17:41:00,17,41,Sore,True
1742,17:42:00,17,42,Sore,True
1743,17:43:00,17,43,Sore,True
1744,17:44:00,17,44,Sore,True
1745,17:45:00,17,45,Sore,True
1746,17:46:00,17,46,Sore,True
1747,17:47:00,17,47,Sore,True
1748,17:48:00,17,48,Sore,True
1749,17:49:00,17,49,Sore,True
1750,17:50:00,17,50,Sore,True
1751,17:51:00,17,51,Sore,True
1752,17:52:00,17,52,Sore,True
1753,17:53:00,17,53,Sore,True
1754,17:54:00,17,54,Sore,True
1755,17:55:00,17,55,Sore,True
1756,17:56:00,17,56,Sore,True
1757,17:57:00,17,57,Sore,True
1758,17:58:00,17,58,Sore,True
1759,17:59:00,17,59,Sore,True
1800,18:00:00,18,0,Sore,True
1801,18:01:00,18,1,Sore,True
1802,18:02:00,18,2,Sore,True
1803,18:03:00,18,3,Sore,True
1804,18:04:00,18,4,Sore,True
1805,18:05:00,18,5,Sore,True
1806,18:06:00,18,6,Sore,True
1807,18:07:00,18,7,Sore,True
1808,18:08:00,18,8,Sore,True
1809,18:09:00,18,9,Sore,True
1810,18:10:00,18,10,Sore,True
1811,18:11:00,18,11,Sore,True
1812,18:12:00,18,12,Sore,True
1813,18:13:00,18,13,Sore,True
1814,18:14:00,18,14,Sore,True
1815,18:15:00,18,15,Sore,True
1816,18:16:00,18,16,Sore,True
1817,18:17:00,18,17,Sore,True
1818,18:18:00,18,18,Sore,True
1819,18:19:00,18,19,Sore,True
1820,18:20:00,18,20,Sore,True
1821,18:21:00,18,21,Sore,True
1822,18:22:00,18,22,Sore,True
1823,18:23:00,18,23,Sore,True
1824,18:24:00,18,24,Sore,True
1825,18:25:00,18,25,Sore,True
1826,18:26:00,18,26,Sore,True
1827,18:27:00,18,27,Sore,True
1828,18:28:00,18,28,Sore,True
1829,18:29:00,18,29,Sore,True
1830,18:30:00,18,30,Sore,True
1831,18:31:00,18,31,Sore,True
1832,18:32:00,18,32,Sore,True
1833,18:33:00,18,33,Sore,True
1834,18:34:00,18,34,Sore,True
1835,18:35:00,18,35,Sore,True
1836,18:36:00,18,36,Sore,True
1837,18:37:00,18,37,Sore,True
1838,18:38:00,18,38,Sore,True
1839,18:39:00,18,39,Sore,True
1840,18:40:00,18,40,Sore,True
1841,18:41:00,18,41,Sore,True
1842,18:42:00,18,42,Sore,True
1843,18:43:00,18,43,Sore,True
1844,18:44:00,18,44,Sore,True
1845,18:45:00,18,45,Sore,True
1846,18:46:00,18,46,Sore,True
1847,18:47:00,18,47,Sore,True
1848,18:48:00,18,48,Sore,True
1849,18:49:00,18,49,Sore,True
1850,18:50:00,18,50,Sore,True
1851,18:51:00,18,51,Sore,True
1852,18:52:00,18,52,Sore,True
1853,18:53:00,18,53,Sore,True
1854,18:54:00,18,54,Sore,True
1855,18:55:00,18,55,Sore,True
1856,18:56:00,18,56,Sore,True
1857,18:57:00,18,57,Sore,True
1858,18:58:00,18,58,Sore,True
1859,18:59:00,18,59,Sore,True
1900,19:00:00,19,0,Malam,False
1901,19:01:00,19,1,Malam,False
1902,19:02:00,19,2,Malam,False
1903,19:03:00,19,3,Malam,False
1904,19:04:00,19,4,Malam,False
1905,19:05:00,19,5,Malam,False
1906,19:06:00,19,6,Malam,False
1907,19:07:00,19,7,Malam,False
1908,19:08:00,19,8,Malam,False
1909,19:09:00,19,9,Malam,False
1910,19:10:00,19,10,Malam,False
1911,19:11:00,19,11,Malam,False
1912,19:12:00,19,12,Malam,False
1913,19:13:00,19,13,Malam,False
1914,19:14:00,19,14,Malam,False
1915,19:15:00,19,15,Malam,False
1916,19:16:00,19,16,Malam,False
1917,19:17:00,19,17,Malam,False
1918,19:18:00,19,18,Malam,False
1919,19:19:00,19,19,Malam,False
1920,19:20:00,19,20,Malam,False
1921,19:21:00,19,21,Malam,False
1922,19:22:00,19,22,Malam,False
1923,19:23:00,19,23,Malam,False
1924,19:24:00,19,24,Malam,False
1925,19:25:00,19,25,Malam,False
1926,19:26:00,19,26,Malam,False
1927,19:27:00,19,27,Malam,False
1928,19:28:00,19,28,Malam,False
1929,19:29:00,19,29,Malam,False
1930,19:30:00,19,30,Malam,False
1931,19:31:00,19,31,Malam,False
1932,19:32:00,19,32,Malam,False
1933,19:33:00,19,33,Malam,False
1934,19:34:00,19,34,Malam,False
1935,19:35:00,19,35,Malam,False
1936,19:36:00,19,36,Malam,False
1937,19:37:00,19,37,Malam,False
1938,19:38:00,19,38,Malam,False
1939,19:39:00,19,39,Malam,False
1940,19:40:00,19,40,Malam,False
1941,19:41:00,19,41,Malam,False
1942,19:42:00,19,42,Malam,False
1943,19:43:00,19,43,Malam,False
1944,19:44:00,19,44,Malam,False
1945,19:45:00,19,45,Malam,False
1946,19:46:00,19,46,Malam,False
1947,19:47:00,19,47,Malam,False
1948,19:48:00,19,48,Malam,False
1949,19:49:00,19,49,Malam,False
1950,19:50:00,19,50,Malam,False
1951,19:51:00,19,51,Malam,False
1952,19:52:00,19,52,Malam,False
1953,19:53:00,19,53,Malam,False
1954,19:54:00,19,54,Malam,False
1955,19:55:00,19,55,Malam,False
1956,19:56:00,19,56,Malam,False
1957,19:57:00,19,57,Malam,False
1958,19:58:00,19,58,Malam,False
1959,19:59:00,19,59,Malam,False
2000,20:00:00,20,0,Malam,False
2001,20:01:00,20,1,Malam,False
2002,20:02:00,20,2,Malam,False
2003,20:03:00,20,3,Malam,False
2004,20:04:00,20,4,Malam,False
2005,20:05:00,20,5,Malam,False
2006,20:06:00,20,6,Malam,False
2007,20:07:00,20,7,Malam,False
2008,20:08:00,20,8,Malam,False
2009,20:09:00,20,9,Malam,False
2010,20:10:00,20,10,Malam,False
2011,20:11:00,20,11,Malam,False
2012,20:12:00,20,12,Malam,False
2013,20:13:00,20,13,Malam,False
2014,20:14:00,20,14,Malam,False
2015,20:15:00,20,15,Malam,False
2016,20:16:00,20,16,Malam,False
2017,20:17:00,20,17,Malam,False
2018,20:18:00,20,18,Malam,False
2019,20:19:00,20,19,Malam,False
2020,20:20:00,20,20,Malam,False
2021,20:21:00,20,21,Malam,False
2022,20:22:00,20,22,Malam,False
2023,20:23:00,20,23,Malam,False
2024,20:24:00,20,24,Malam,False
2025,20:25:00,20,25,Malam,False
2026,20:26:00,20,26,Malam,False
2027,20:27:00,20,27,Malam,False
2028,20:28:00,20,28,Malam,False
2029,20:29:00,20,29,Malam,False
2030,20:30:00,20,30,Malam,False
2031,20:31:00,20,31,Malam,False
2032,20:32:00,20,32,Malam,False
2033,20:33:00,20,33,Malam,False
2034,20:34:00,20,34,Malam,False
2035,20:35:00,20,35,Malam,False
2036,20:36:00,20,36,Malam,False
2037,20:37:00,20,37,Malam,False
2038,20:38:00,20,38,Malam,False
2039,20:39:00,20,39,Malam,False
2040,20:40:00,20,40,Malam,False
2041,20:41:00,20,41,Malam,False
2042,20:42:00,20,42,Malam,False
2043,20:43:00,20,43,Malam,False
2044,20:44:00,20,44,Malam,False
2045,20:45:00,20,45,Malam,False
2046,20:46:00,20,46,Malam,False
2047,20:47:00,20,47,Malam,False
2048,20:48:00,20,48,Malam,False
2049,20:49:00,20,49,Malam,False
2050,20:50:00,20,50,Malam,False
2051,20:51:00,20,51,Malam,False
2052,20:52:00,20,52,Malam,False
2053,20:53:00,20,53,Malam,False
2054,20:54:00,20,54,Malam,False
2055,20:55:00,20,55,Malam,False
2056,20:56:00,20,56,Malam,False
2057,20:57:00,20,57,Malam,False
2058,20:58:00,20,58,Malam,False
2059,20:59:00,20,59,Malam,False
2100,21:00:00,21,0,Malam,False
2101,21:01:00,21,1,Malam,False
2102,21:02:00,21,2,Malam,False
2103,21:03:00,21,3,Malam,False
2104,21:04:00,21,4,Malam,False
2105,21:05:00,21,5,Malam,False
2106,21:06:00,21,6,Malam,False
2107,21:07:00,21,7,Malam,False
2108,21:08:00,21,8,Malam,False
2109,21:09:00,21,9,Malam,False
2110,21:10:00,21,10,Malam,False
2111,21:11:00,21,11,Malam,False
2112,21:12:00,21,12,Malam,False
2113,21:13:00,21,13,Malam,False
2114,21:14:00,21,14,Malam,False
2115,21:15:00,21,15,Malam,False
2116,21:16:00,21,16,Malam,False
2117,21:17:00,21,17,Malam,False
2118,21:18:00,21,18,Malam,False
2119,21:19:00,21,19,Malam,False
2120,21:20:00,21,20,Malam,False
2121,21:21:00,21,21,Malam,False
2122,21:22:00,21,22,Malam,False
2123,21:23:00,21,23,Malam,False
2124,21:24:00,21,24,Malam,False
2125,21:25:00,21,25,Malam,False
2126,21:26:00,21,26,Malam,False
2127,21:27:00,21,27,Malam,False
2128,21:28:00,21,28,Malam,False
2129,21:29:00,21,29,Malam,False
2130,21:30:00,21,30,Malam,False
2131,21:31:00,21,31,Malam,False
2132,21:32:00,21,32,Malam,False
2133,21:33:00,21,33,Malam,False
2134,21:34:00,21,34,Malam,False
2135,21:35:00,21,35,Malam,False
2136,21:36:00,21,36,Malam,False
2137,21:37:00,21,37,Malam,False
2138,21:38:00,21,38,Malam,False
2139,21:39:00,21,39,Malam,False
2140,21:40:00,21,40,Malam,False
2141,21:41:00,21,41,Malam,False
2142,21:42:00,21,42,Malam,False
2143,21:43:00,21,43,Malam,False
2144,21:44:00,21,44,Malam,False
2145,21:45:00,21,45,Malam,False
2146,21:46:00,21,46,Malam,False
2147,21:47:00,21,47,Malam,False
2148,21:48:00,21,48,Malam,False
2149,21:49:00,21,49,Malam,False
2150,21:50:00,21,50,Malam,False
2151,21:51:00,21,51,Malam,False
2152,21:52:00,21,52,Malam,False
2153,21:53:00,21,53,Malam,False
2154,21:54:00,21,54,Malam,False
2155,21:55:00,21,55,Malam,False
2156,21:56:00,21,56,Malam,False
2157,21:57:00,21,57,Malam,False
2158,21:58:00,21,58,Malam,False
2159,21:59:00,21,59,Malam,False
2200,22:00:00,22,0,Malam,False
2201,22:01:00,22,1,Malam,False
2202,22:02:00,22,2,Malam,False
2203,22:03:00,22,3,Malam,False
2204,22:04:00,22,4,Malam,False
2205,22:05:00,22,5,Malam,False
2206,22:06:00,22,6,Malam,False
2207,22:07:00,22,7,Malam,False
2208,22:08:00,22,8,Malam,False
2209,22:09:00,22,9,Malam,False
2210,22:10:00,22,10,Malam,False
2211,22:11:00,22,11,Malam,False
2212,22:12:00,22,12,Malam,False
2213,22:13:00,22,13,Malam,False
2214,22:14:00,22,14,Malam,False
2215,22:15:00,22,15,Malam,False
2216,22:16:00,22,16,Malam,False
2217,22:17:00,22,17,Malam,False
2218,22:18:00,22,18,Malam,False
2219,22:19:00,22,19,Malam,False
2220,22:20:00,22,20,Malam,False
2221,22:21:00,22,21,Malam,False
2222,22:22:00,22,22,Malam,False
2223,22:23:00,22,23,Malam,False
2224,22:24:00,22,24,Malam,False
2225,22:25:00,22,25,Malam,False
2226,22:26:00,22,26,Malam,False
2227,22:27:00,22,27,Malam,False
2228,22:28:00,22,28,Malam,False
2229,22:29:00,22,29,Malam,False
2230,22:30:00,22,30,Malam,False
2231,22:31:00,22,31,Malam,False
2232,22:32:00,22,32,Malam,False
2233,22:33:00,22,33,Malam,False
2234,22:34:00,22,34,Malam,False
2235,22:35:00,22,35,Malam,False
2236,22:36:00,22,36,Malam,False
2237,22:37:00,22,37,Malam,False
2238,22:38:00,22,38,Malam,False
2239,22:39:00,22,39,Malam,False
2240,22:40:00,22,40,Malam,False
2241,22:41:00,22,41,Malam,False
2242,22:42:00,22,42,Malam,False
2243,22:43:00,22,43,Malam,False
2244,22:44:00,22,44,Malam,False
2245,22:45:00,22,45,Malam,False
2246,22:46:00,22,46,Malam,False
2247,22:47:00,22,47,Malam,False
2248,22:48:00,22,48,Malam,False
2249,22:49:00,22,49,Malam,False
2250,22:50:00,22,50,Malam,False
2251,22:51:00,22,51,Malam,False
2252,22:52:00,22,52,Malam,False
2253,22:53:00,22,53,Malam,False
2254,22:54:00,22,54,Malam,False
2255,22:55:00,22,55,Malam,False
2256,22:56:00,22,56,Malam,False
2257,22:57:00,22,57,Malam,False
2258,22:58:00,22,58,Malam,False
2259,22:59:00,22,59,Malam,False
2300,23:00:00,23,0,Malam,False
2301,23:01:00,23,1,Malam,False
2302,23:02:00,23,2,Malam,False
2303,23:03:00,23,3,Malam,False
2304,23:04:00,23,4,Malam,False
2305,23:05:00,23,5,Malam,False
2306,23:06:00,23,6,Malam,False
2307,23:07:00,23,7,Malam,False
2308,23:08:00,23,8,Malam,False
2309,23:09:00,23,9,Malam,False
2310,23:10:00,23,10,Malam,False
2311,23:11:00,23,11,Malam,False
2312,23:12:00,23,12,Malam,False
2313,23:13:00,23,13,Malam,False
2314,23:14:00,23,14,Malam,False
2315,23:15:00,23,15,Malam,False
2316,23:16:00,23,16,Malam,False
2317,23:17:00,23,17,Malam,False
2318,23:18:00,23,18,Malam,False
2319,23:19:00,23,19,Malam,False
2320,23:20:00,23,20,Malam,False
2321,23:21:00,23,21,Malam,False
2322,23:22:00,23,22,Malam,False
2323,23:23:00,23,23,Malam,False
2324,23:24:00,23,24,Malam,False
2325,23:25:00,23,25,Malam,False
2326,23:26:00,23,26,Malam,False
2327,23:27:00,23,27,Malam,False
2328,23:28:00,23,28,Malam,False
2329,23:29:00,23,29,Malam,False
2330,23:30:00,23,30,Malam,False
2331,23:31:00,23,31,Malam,False
2332,23:32:00,23,32,Malam,False
2333,23:33:00,23,33,Malam,False
2334,23:34:00,23,34,Malam,False
2335,23:35:00,23,35,Malam,False
2336,23:36:00,23,36,Malam,False
2337,23:37:00,23,37,Malam,False
2338,23:38:00,23,38,Malam,False
2339,23:39:00,23,39,Malam,False
2340,23:40:00,23,40,Malam,False
2341,23:41:00,23,41,Malam,False
2342,23:42:00,23,42,Malam,False
2343,23:43:00,23,43,Malam,False
2344,23:44:00,23,44,Malam,False
2345,23:45:00,23,45,Malam,False
2346,23:46:00,23,46,Malam,False
2347,23:47:00,23,47,Malam,False
2348,23:48:00,23,48,Malam,False
2349,23:49:00,23,49,Malam,False
2350,23:50:00,23,50,Malam,False
2351,23:51:00,23,51,Malam,False
2352,23:52:00,23,52,Malam,False
2353,23:53:00,23,53,Malam,False
2354,23:54:00,23,54,Malam,False
2355,23:55:00,23,55,Malam,False
2356,23:56:00,23,56,Malam,False
2357,23:57:00,23,57,Malam,False
2358,23:58:00,23,58,Malam,False
2359,23:59:00,23,59,Malam,False
