date_sk,full_date,day_of_month,day_name,week_of_year,month_number,month_name,quarter_number,year_number,is_weekend,is_peak_season
20241209,2024-12-09,9,Senin,50,12,Desember,4,2024,False,True
20241210,2024-12-10,10,Selasa,50,12,Desember,4,2024,False,True
20241211,2024-12-11,11,Rabu,50,12,Desember,4,2024,False,True
20241212,2024-12-12,12,Kamis,50,12,Desember,4,2024,False,True
20241213,2024-12-13,13,Jumat,50,12,Desember,4,2024,False,True
20241214,2024-12-14,14,Sabtu,50,12,Desember,4,2024,True,True
20241215,2024-12-15,15,Minggu,50,12,Desember,4,2024,True,True
20241216,2024-12-16,16,Senin,51,12,Desember,4,2024,False,True
20241217,2024-12-17,17,Selasa,51,12,Desember,4,2024,False,True
20241218,2024-12-18,18,Rabu,51,12,Desember,4,2024,False,True
20241219,2024-12-19,19,Kamis,51,12,Desember,4,2024,False,True
20241220,2024-12-20,20,Jumat,51,12,Desember,4,2024,False,True
20241221,2024-12-21,21,Sabtu,51,12,Desember,4,2024,True,True
20241222,2024-12-22,22,Minggu,51,12,Desember,4,2024,True,True
20241223,2024-12-23,23,Senin,52,12,Desember,4,2024,False,True
20241224,2024-12-24,24,Selasa,52,12,Desember,4,2024,False,True
20241225,2024-12-25,25,Rabu,52,12,Desember,4,2024,False,True
20241226,2024-12-26,26,Kamis,52,12,Desember,4,2024,False,True
20241227,2024-12-27,27,Jumat,52,12,Desember,4,2024,False,True
20241228,2024-12-28,28,Sabtu,52,12,Desember,4,2024,True,True
20241229,2024-12-29,29,Minggu,52,12,Desember,4,2024,True,True
20241230,2024-12-30,30,Senin,1,12,Desember,4,2024,False,True
20241231,2024-12-31,31,Selasa,1,12,Desember,4,2024,False,True
20250101,2025-01-01,1,Rabu,1,1,Januari,1,2025,False,False
20250102,2025-01-02,2,Kamis,1,1,Januari,1,2025,False,False
20250103,2025-01-03,3,Jumat,1,1,Januari,1,2025,False,False
20250104,2025-01-04,4,Sabtu,1,1,Januari,1,2025,True,False
20250105,2025-01-05,5,Minggu,1,1,Januari,1,2025,True,False
20250106,2025-01-06,6,Senin,2,1,Januari,1,2025,False,False
20250107,2025-01-07,7,Selasa,2,1,Januari,1,2025,False,False
20250108,2025-01-08,8,Rabu,2,1,Januari,1,2025,False,False
20250109,2025-01-09,9,Kamis,2,1,Januari,1,2025,False,False
20250110,2025-01-10,10,Jumat,2,1,Januari,1,2025,False,False
20250111,2025-01-11,11,Sabtu,2,1,Januari,1,2025,True,False
20250112,2025-01-12,12,Minggu,2,1,Januari,1,2025,True,False
20250113,2025-01-13,13,Senin,3,1,Januari,1,2025,False,False
20250114,2025-01-14,14,Selasa,3,1,Januari,1,2025,False,False
20250115,2025-01-15,15,Rabu,3,1,Januari,1,2025,False,False
20250116,2025-01-16,16,Kamis,3,1,Januari,1,2025,False,False
20250117,2025-01-17,17,Jumat,3,1,Januari,1,2025,False,False
20250118,2025-01-18,18,Sabtu,3,1,Januari,1,2025,True,False
20250119,2025-01-19,19,Minggu,3,1,Januari,1,2025,True,False
20250120,2025-01-20,20,Senin,4,1,Januari,1,2025,False,False
20250121,2025-01-21,21,Selasa,4,1,Januari,1,2025,False,False
20250122,2025-01-22,22,Rabu,4,1,Januari,1,2025,False,False
20250123,2025-01-23,23,Kamis,4,1,Januari,1,2025,False,False
20250124,2025-01-24,24,Jumat,4,1,Januari,1,2025,False,False
20250125,2025-01-25,25,Sabtu,4,1,Januari,1,2025,True,False
20250126,2025-01-26,26,Minggu,4,1,Januari,1,2025,True,False
20250127,2025-01-27,27,Senin,5,1,Januari,1,2025,False,False
20250128,2025-01-28,28,Selasa,5,1,Januari,1,2025,False,False
20250129,2025-01-29,29,Rabu,5,1,Januari,1,2025,False,False
20250130,2025-01-30,30,Kamis,5,1,Januari,1,2025,False,False
20250131,2025-01-31,31,Jumat,5,1,Januari,1,2025,False,False
20250201,2025-02-01,1,Sabtu,5,2,Februari,1,2025,True,False
20250202,2025-02-02,2,Minggu,5,2,Februari,1,2025,True,False
20250203,2025-02-03,3,Senin,6,2,Februari,1,2025,False,False
20250204,2025-02-04,4,Selasa,6,2,Februari,1,2025,False,False
20250205,2025-02-05,5,Rabu,6,2,Februari,1,2025,False,False
20250206,2025-02-06,6,Kamis,6,2,Februari,1,2025,False,False
20250207,2025-02-07,7,Jumat,6,2,Februari,1,2025,False,False
20250208,2025-02-08,8,Sabtu,6,2,Februari,1,2025,True,False
20250209,2025-02-09,9,Minggu,6,2,Februari,1,2025,True,False
20250210,2025-02-10,10,Senin,7,2,Februari,1,2025,False,False
20250211,2025-02-11,11,Selasa,7,2,Februari,1,2025,False,False
20250212,2025-02-12,12,Rabu,7,2,Februari,1,2025,False,False
20250213,2025-02-13,13,Kamis,7,2,Februari,1,2025,False,False
20250214,2025-02-14,14,Jumat,7,2,Februari,1,2025,False,False
20250215,2025-02-15,15,Sabtu,7,2,Februari,1,2025,True,False
20250216,2025-02-16,16,Minggu,7,2,Februari,1,2025,True,False
20250217,2025-02-17,17,Senin,8,2,Februari,1,2025,False,False
20250218,2025-02-18,18,Selasa,8,2,Februari,1,2025,False,False
20250219,2025-02-19,19,Rabu,8,2,Februari,1,2025,False,False
20250220,2025-02-20,20,Kamis,8,2,Februari,1,2025,False,False
20250221,2025-02-21,21,Jumat,8,2,Februari,1,2025,False,False
20250222,2025-02-22,22,Sabtu,8,2,Februari,1,2025,True,False
20250223,2025-02-23,23,Minggu,8,2,Februari,1,2025,True,False
20250224,2025-02-24,24,Senin,9,2,Februari,1,2025,False,False
20250225,2025-02-25,25,Selasa,9,2,Februari,1,2025,False,False
20250226,2025-02-26,26,Rabu,9,2,Februari,1,2025,False,False
20250227,2025-02-27,27,Kamis,9,2,Februari,1,2025,False,False
20250228,2025-02-28,28,Jumat,9,2,Februari,1,2025,False,False
20250301,2025-03-01,1,Sabtu,9,3,Maret,1,2025,True,False
20250302,2025-03-02,2,Minggu,9,3,Maret,1,2025,True,False
20250303,2025-03-03,3,Senin,10,3,Maret,1,2025,False,False
20250304,2025-03-04,4,Selasa,10,3,Maret,1,2025,False,False
20250305,2025-03-05,5,Rabu,10,3,Maret,1,2025,False,False
20250306,2025-03-06,6,Kamis,10,3,Maret,1,2025,False,False
20250307,2025-03-07,7,Jumat,10,3,Maret,1,2025,False,False
20250308,2025-03-08,8,Sabtu,10,3,Maret,1,2025,True,False
20250309,2025-03-09,9,Minggu,10,3,Maret,1,2025,True,False
20250310,2025-03-10,10,Senin,11,3,Maret,1,2025,False,False
20250311,2025-03-11,11,Selasa,11,3,Maret,1,2025,False,False
20250312,2025-03-12,12,Rabu,11,3,Maret,1,2025,False,False
20250313,2025-03-13,13,Kamis,11,3,Maret,1,2025,False,False
20250314,2025-03-14,14,Jumat,11,3,Maret,1,2025,False,False
20250315,2025-03-15,15,Sabtu,11,3,Maret,1,2025,True,False
20250316,2025-03-16,16,Minggu,11,3,Maret,1,2025,True,False
20250317,2025-03-17,17,Senin,12,3,Maret,1,2025,False,False
20250318,2025-03-18,18,Selasa,12,3,Maret,1,2025,False,False
20250319,2025-03-19,19,Rabu,12,3,Maret,1,2025,False,False
20250320,2025-03-20,20,Kamis,12,3,Maret,1,2025,False,False
20250321,2025-03-21,21,Jumat,12,3,Maret,1,2025,False,False
20250322,2025-03-22,22,Sabtu,12,3,Maret,1,2025,True,False
20250323,2025-03-23,23,Minggu,12,3,Maret,1,2025,True,False
20250324,2025-03-24,24,Senin,13,3,Maret,1,2025,False,False
20250325,2025-03-25,25,Selasa,13,3,Maret,1,2025,False,False
20250326,2025-03-26,26,Rabu,13,3,Maret,1,2025,False,False
20250327,2025-03-27,27,Kamis,13,3,Maret,1,2025,False,False
20250328,2025-03-28,28,Jumat,13,3,Maret,1,2025,False,False
20250329,2025-03-29,29,Sabtu,13,3,Maret,1,2025,True,False
20250330,2025-03-30,30,Minggu,13,3,Maret,1,2025,True,False
20250331,2025-03-31,31,Senin,14,3,Maret,1,2025,False,False
20250401,2025-04-01,1,Selasa,14,4,April,2,2025,False,False
20250402,2025-04-02,2,Rabu,14,4,April,2,2025,False,False
20250403,2025-04-03,3,Kamis,14,4,April,2,2025,False,False
20250404,2025-04-04,4,Jumat,14,4,April,2,2025,False,False
20250405,2025-04-05,5,Sabtu,14,4,April,2,2025,True,False
20250406,2025-04-06,6,Minggu,14,4,April,2,2025,True,False
20250407,2025-04-07,7,Senin,15,4,April,2,2025,False,False
20250408,2025-04-08,8,Selasa,15,4,April,2,2025,False,False
20250409,2025-04-09,9,Rabu,15,4,April,2,2025,False,False
20250410,2025-04-10,10,Kamis,15,4,April,2,2025,False,False
20250411,2025-04-11,11,Jumat,15,4,April,2,2025,False,False
20250412,2025-04-12,12,Sabtu,15,4,April,2,2025,True,False
20250413,2025-04-13,13,Minggu,15,4,April,2,2025,True,False
20250414,2025-04-14,14,Senin,16,4,April,2,2025,False,False
20250415,2025-04-15,15,Selasa,16,4,April,2,2025,False,False
20250416,2025-04-16,16,Rabu,16,4,April,2,2025,False,False
20250417,2025-04-17,17,Kamis,16,4,April,2,2025,False,False
20250418,2025-04-18,18,Jumat,16,4,April,2,2025,False,False
20250419,2025-04-19,19,Sabtu,16,4,April,2,2025,True,False
20250420,2025-04-20,20,Minggu,16,4,April,2,2025,True,False
20250421,2025-04-21,21,Senin,17,4,April,2,2025,False,False
20250422,2025-04-22,22,Selasa,17,4,April,2,2025,False,False
20250423,2025-04-23,23,Rabu,17,4,April,2,2025,False,False
20250424,2025-04-24,24,Kamis,17,4,April,2,2025,False,False
20250425,2025-04-25,25,Jumat,17,4,April,2,2025,False,False
20250426,2025-04-26,26,Sabtu,17,4,April,2,2025,True,False
20250427,2025-04-27,27,Minggu,17,4,April,2,2025,True,False
20250428,2025-04-28,28,Senin,18,4,April,2,2025,False,False
20250429,2025-04-29,29,Selasa,18,4,April,2,2025,False,False
20250430,2025-04-30,30,Rabu,18,4,April,2,2025,False,False
20250501,2025-05-01,1,Kamis,18,5,Mei,2,2025,False,False
20250502,2025-05-02,2,Jumat,18,5,Mei,2,2025,False,False
20250503,2025-05-03,3,Sabtu,18,5,Mei,2,2025,True,False
20250504,2025-05-04,4,Minggu,18,5,Mei,2,2025,True,False
20250505,2025-05-05,5,Senin,19,5,Mei,2,2025,False,False
20250506,2025-05-06,6,Selasa,19,5,Mei,2,2025,False,False
20250507,2025-05-07,7,Rabu,19,5,Mei,2,2025,False,False
20250508,2025-05-08,8,Kamis,19,5,Mei,2,2025,False,False
20250509,2025-05-09,9,Jumat,19,5,Mei,2,2025,False,False
20250510,2025-05-10,10,Sabtu,19,5,Mei,2,2025,True,False
20250511,2025-05-11,11,Minggu,19,5,Mei,2,2025,True,False
20250512,2025-05-12,12,Senin,20,5,Mei,2,2025,False,False
20250513,2025-05-13,13,Selasa,20,5,Mei,2,2025,False,False
20250514,2025-05-14,14,Rabu,20,5,Mei,2,2025,False,False
20250515,2025-05-15,15,Kamis,20,5,Mei,2,2025,False,False
20250516,2025-05-16,16,Jumat,20,5,Mei,2,2025,False,False
20250517,2025-05-17,17,Sabtu,20,5,Mei,2,2025,True,False
20250518,2025-05-18,18,Minggu,20,5,Mei,2,2025,True,False
20250519,2025-05-19,19,Senin,21,5,Mei,2,2025,False,False
20250520,2025-05-20,20,Selasa,21,5,Mei,2,2025,False,False
20250521,2025-05-21,21,Rabu,21,5,Mei,2,2025,False,False
20250522,2025-05-22,22,Kamis,21,5,Mei,2,2025,False,False
20250523,2025-05-23,23,Jumat,21,5,Mei,2,2025,False,False
20250524,2025-05-24,24,Sabtu,21,5,Mei,2,2025,True,False
20250525,2025-05-25,25,Minggu,21,5,Mei,2,2025,True,False
20250526,2025-05-26,26,Senin,22,5,Mei,2,2025,False,False
20250527,2025-05-27,27,Selasa,22,5,Mei,2,2025,False,False
20250528,2025-05-28,28,Rabu,22,5,Mei,2,2025,False,False
20250529,2025-05-29,29,Kamis,22,5,Mei,2,2025,False,False
20250530,2025-05-30,30,Jumat,22,5,Mei,2,2025,False,False
20250531,2025-05-31,31,Sabtu,22,5,Mei,2,2025,True,False
20250601,2025-06-01,1,Minggu,22,6,Juni,2,2025,True,True
20250602,2025-06-02,2,Senin,23,6,Juni,2,2025,False,True
20250603,2025-06-03,3,Selasa,23,6,Juni,2,2025,False,True
20250604,2025-06-04,4,Rabu,23,6,Juni,2,2025,False,True
20250605,2025-06-05,5,Kamis,23,6,Juni,2,2025,False,True
20250606,2025-06-06,6,Jumat,23,6,Juni,2,2025,False,True
20250607,2025-06-07,7,Sabtu,23,6,Juni,2,2025,True,True
20250608,2025-06-08,8,Minggu,23,6,Juni,2,2025,True,True
20250609,2025-06-09,9,Senin,24,6,Juni,2,2025,False,True
20250610,2025-06-10,10,Selasa,24,6,Juni,2,2025,False,True
20250611,2025-06-11,11,Rabu,24,6,Juni,2,2025,False,True
20250612,2025-06-12,12,Kamis,24,6,Juni,2,2025,False,True
20250613,2025-06-13,13,Jumat,24,6,Juni,2,2025,False,True
20250614,2025-06-14,14,Sabtu,24,6,Juni,2,2025,True,True
20250615,2025-06-15,15,Minggu,24,6,Juni,2,2025,True,True
20250616,2025-06-16,16,Senin,25,6,Juni,2,2025,False,True
20250617,2025-06-17,17,Selasa,25,6,Juni,2,2025,False,True
20250618,2025-06-18,18,Rabu,25,6,Juni,2,2025,False,True
20250619,2025-06-19,19,Kamis,25,6,Juni,2,2025,False,True
20250620,2025-06-20,20,Jumat,25,6,Juni,2,2025,False,True
20250621,2025-06-21,21,Sabtu,25,6,Juni,2,2025,True,True
20250622,2025-06-22,22,Minggu,25,6,Juni,2,2025,True,True
20250623,2025-06-23,23,Senin,26,6,Juni,2,2025,False,True
20250624,2025-06-24,24,Selasa,26,6,Juni,2,2025,False,True
20250625,2025-06-25,25,Rabu,26,6,Juni,2,2025,False,True
20250626,2025-06-26,26,Kamis,26,6,Juni,2,2025,False,True
20250627,2025-06-27,27,Jumat,26,6,Juni,2,2025,False,True
20250628,2025-06-28,28,Sabtu,26,6,Juni,2,2025,True,True
20250629,2025-06-29,29,Minggu,26,6,Juni,2,2025,True,True
20250630,2025-06-30,30,Senin,27,6,Juni,2,2025,False,True
20250701,2025-07-01,1,Selasa,27,7,Juli,3,2025,False,True
20250702,2025-07-02,2,Rabu,27,7,Juli,3,2025,False,True
20250703,2025-07-03,3,Kamis,27,7,Juli,3,2025,False,True
20250704,2025-07-04,4,Jumat,27,7,Juli,3,2025,False,True
20250705,2025-07-05,5,Sabtu,27,7,Juli,3,2025,True,True
20250706,2025-07-06,6,Minggu,27,7,Juli,3,2025,True,True
20250707,2025-07-07,7,Senin,28,7,Juli,3,2025,False,True
20250708,2025-07-08,8,Selasa,28,7,Juli,3,2025,False,True
20250709,2025-07-09,9,Rabu,28,7,Juli,3,2025,False,True
20250710,2025-07-10,10,Kamis,28,7,Juli,3,2025,False,True
20250711,2025-07-11,11,Jumat,28,7,Juli,3,2025,False,True
20250712,2025-07-12,12,Sabtu,28,7,Juli,3,2025,True,True
20250713,2025-07-13,13,Minggu,28,7,Juli,3,2025,True,True
20250714,2025-07-14,14,Senin,29,7,Juli,3,2025,False,True
20250715,2025-07-15,15,Selasa,29,7,Juli,3,2025,False,True
20250716,2025-07-16,16,Rabu,29,7,Juli,3,2025,False,True
20250717,2025-07-17,17,Kamis,29,7,Juli,3,2025,False,True
20250718,2025-07-18,18,Jumat,29,7,Juli,3,2025,False,True
20250719,2025-07-19,19,Sabtu,29,7,Juli,3,2025,True,True
20250720,2025-07-20,20,Minggu,29,7,Juli,3,2025,True,True
20250721,2025-07-21,21,Senin,30,7,Juli,3,2025,False,True
20250722,2025-07-22,22,Selasa,30,7,Juli,3,2025,False,True
20250723,2025-07-23,23,Rabu,30,7,Juli,3,2025,False,True
20250724,2025-07-24,24,Kamis,30,7,Juli,3,2025,False,True
20250725,2025-07-25,25,Jumat,30,7,Juli,3,2025,False,True
20250726,2025-07-26,26,Sabtu,30,7,Juli,3,2025,True,True
20250727,2025-07-27,27,Minggu,30,7,Juli,3,2025,True,True
20250728,2025-07-28,28,Senin,31,7,Juli,3,2025,False,True
20250729,2025-07-29,29,Selasa,31,7,Juli,3,2025,False,True
20250730,2025-07-30,30,Rabu,31,7,Juli,3,2025,False,True
20250731,2025-07-31,31,Kamis,31,7,Juli,3,2025,False,True
20250801,2025-08-01,1,Jumat,31,8,Agustus,3,2025,False,False
20250802,2025-08-02,2,Sabtu,31,8,Agustus,3,2025,True,False
20250803,2025-08-03,3,Minggu,31,8,Agustus,3,2025,True,False
20250804,2025-08-04,4,Senin,32,8,Agustus,3,2025,False,False
20250805,2025-08-05,5,Selasa,32,8,Agustus,3,2025,False,False
20250806,2025-08-06,6,Rabu,32,8,Agustus,3,2025,False,False
20250807,2025-08-07,7,Kamis,32,8,Agustus,3,2025,False,False
20250808,2025-08-08,8,Jumat,32,8,Agustus,3,2025,False,False
20250809,2025-08-09,9,Sabtu,32,8,Agustus,3,2025,True,False
20250810,2025-08-10,10,Minggu,32,8,Agustus,3,2025,True,False
20250811,2025-08-11,11,Senin,33,8,Agustus,3,2025,False,False
20250812,2025-08-12,12,Selasa,33,8,Agustus,3,2025,False,False
20250813,2025-08-13,13,Rabu,33,8,Agustus,3,2025,False,False
20250814,2025-08-14,14,Kamis,33,8,Agustus,3,2025,False,False
20250815,2025-08-15,15,Jumat,33,8,Agustus,3,2025,False,False
20250816,2025-08-16,16,Sabtu,33,8,Agustus,3,2025,True,False
20250817,2025-08-17,17,Minggu,33,8,Agustus,3,2025,True,False
20250818,2025-08-18,18,Senin,34,8,Agustus,3,2025,False,False
20250819,2025-08-19,19,Selasa,34,8,Agustus,3,2025,False,False
20250820,2025-08-20,20,Rabu,34,8,Agustus,3,2025,False,False
20250821,2025-08-21,21,Kamis,34,8,Agustus,3,2025,False,False
20250822,2025-08-22,22,Jumat,34,8,Agustus,3,2025,False,False
20250823,2025-08-23,23,Sabtu,34,8,Agustus,3,2025,True,False
20250824,2025-08-24,24,Minggu,34,8,Agustus,3,2025,True,False
20250825,2025-08-25,25,Senin,35,8,Agustus,3,2025,False,False
20250826,2025-08-26,26,Selasa,35,8,Agustus,3,2025,False,False
20250827,2025-08-27,27,Rabu,35,8,Agustus,3,2025,False,False
20250828,2025-08-28,28,Kamis,35,8,Agustus,3,2025,False,False
20250829,2025-08-29,29,Jumat,35,8,Agustus,3,2025,False,False
20250830,2025-08-30,30,Sabtu,35,8,Agustus,3,2025,True,False
20250831,2025-08-31,31,Minggu,35,8,Agustus,3,2025,True,False
20250901,2025-09-01,1,Senin,36,9,September,3,2025,False,False
20250902,2025-09-02,2,Selasa,36,9,September,3,2025,False,False
20250903,2025-09-03,3,Rabu,36,9,September,3,2025,False,False
20250904,2025-09-04,4,Kamis,36,9,September,3,2025,False,False
20250905,2025-09-05,5,Jumat,36,9,September,3,2025,False,False
20250906,2025-09-06,6,Sabtu,36,9,September,3,2025,True,False
20250907,2025-09-07,7,Minggu,36,9,September,3,2025,True,False
20250908,2025-09-08,8,Senin,37,9,September,3,2025,False,False
20250909,2025-09-09,9,Selasa,37,9,September,3,2025,False,False
20250910,2025-09-10,10,Rabu,37,9,September,3,2025,False,False
20250911,2025-09-11,11,Kamis,37,9,September,3,2025,False,False
20250912,2025-09-12,12,Jumat,37,9,September,3,2025,False,False
20250913,2025-09-13,13,Sabtu,37,9,September,3,2025,True,False
20250914,2025-09-14,14,Minggu,37,9,September,3,2025,True,False
20250915,2025-09-15,15,Senin,38,9,September,3,2025,False,False
20250916,2025-09-16,16,Selasa,38,9,September,3,2025,False,False
20250917,2025-09-17,17,Rabu,38,9,September,3,2025,False,False
20250918,2025-09-18,18,Kamis,38,9,September,3,2025,False,False
20250919,2025-09-19,19,Jumat,38,9,September,3,2025,False,False
20250920,2025-09-20,20,Sabtu,38,9,September,3,2025,True,False
20250921,2025-09-21,21,Minggu,38,9,September,3,2025,True,False
20250922,2025-09-22,22,Senin,39,9,September,3,2025,False,False
20250923,2025-09-23,23,Selasa,39,9,September,3,2025,False,False
20250924,2025-09-24,24,Rabu,39,9,September,3,2025,False,False
20250925,2025-09-25,25,Kamis,39,9,September,3,2025,False,False
20250926,2025-09-26,26,Jumat,39,9,September,3,2025,False,False
20250927,2025-09-27,27,Sabtu,39,9,September,3,2025,True,False
20250928,2025-09-28,28,Minggu,39,9,September,3,2025,True,False
20250929,2025-09-29,29,Senin,40,9,September,3,2025,False,False
20250930,2025-09-30,30,Selasa,40,9,September,3,2025,False,False
20251001,2025-10-01,1,Rabu,40,10,Oktober,4,2025,False,False
20251002,2025-10-02,2,Kamis,40,10,Oktober,4,2025,False,False
20251003,2025-10-03,3,Jumat,40,10,Oktober,4,2025,False,False
20251004,2025-10-04,4,Sabtu,40,10,Oktober,4,2025,True,False
20251005,2025-10-05,5,Minggu,40,10,Oktober,4,2025,True,False
20251006,2025-10-06,6,Senin,41,10,Oktober,4,2025,False,False
20251007,2025-10-07,7,Selasa,41,10,Oktober,4,2025,False,False
20251008,2025-10-08,8,Rabu,41,10,Oktober,4,2025,False,False
20251009,2025-10-09,9,Kamis,41,10,Oktober,4,2025,False,False
20251010,2025-10-10,10,Jumat,41,10,Oktober,4,2025,False,False
20251011,2025-10-11,11,Sabtu,41,10,Oktober,4,2025,True,False
20251012,2025-10-12,12,Minggu,41,10,Oktober,4,2025,True,False
20251013,2025-10-13,13,Senin,42,10,Oktober,4,2025,False,False
20251014,2025-10-14,14,Selasa,42,10,Oktober,4,2025,False,False
20251015,2025-10-15,15,Rabu,42,10,Oktober,4,2025,False,False
20251016,2025-10-16,16,Kamis,42,10,Oktober,4,2025,False,False
20251017,2025-10-17,17,Jumat,42,10,Oktober,4,2025,False,False
20251018,2025-10-18,18,Sabtu,42,10,Oktober,4,2025,True,False
20251019,2025-10-19,19,Minggu,42,10,Oktober,4,2025,True,False
20251020,2025-10-20,20,Senin,43,10,Oktober,4,2025,False,False
20251021,2025-10-21,21,Selasa,43,10,Oktober,4,2025,False,False
20251022,2025-10-22,22,Rabu,43,10,Oktober,4,2025,False,False
20251023,2025-10-23,23,Kamis,43,10,Oktober,4,2025,False,False
20251024,2025-10-24,24,Jumat,43,10,Oktober,4,2025,False,False
20251025,2025-10-25,25,Sabtu,43,10,Oktober,4,2025,True,False
20251026,2025-10-26,26,Minggu,43,10,Oktober,4,2025,True,False
20251027,2025-10-27,27,Senin,44,10,Oktober,4,2025,False,False
20251028,2025-10-28,28,Selasa,44,10,Oktober,4,2025,False,False
20251029,2025-10-29,29,Rabu,44,10,Oktober,4,2025,False,False
20251030,2025-10-30,30,Kamis,44,10,Oktober,4,2025,False,False
20251031,2025-10-31,31,Jumat,44,10,Oktober,4,2025,False,False
20251101,2025-11-01,1,Sabtu,44,11,November,4,2025,True,False
20251102,2025-11-02,2,Minggu,44,11,November,4,2025,True,False
20251103,2025-11-03,3,Senin,45,11,November,4,2025,False,False
20251104,2025-11-04,4,Selasa,45,11,November,4,2025,False,False
20251105,2025-11-05,5,Rabu,45,11,November,4,2025,False,False
20251106,2025-11-06,6,Kamis,45,11,November,4,2025,False,False
20251107,2025-11-07,7,Jumat,45,11,November,4,2025,False,False
20251108,2025-11-08,8,Sabtu,45,11,November,4,2025,True,False
20251109,2025-11-09,9,Minggu,45,11,November,4,2025,True,False
20251110,2025-11-10,10,Senin,46,11,November,4,2025,False,False
20251111,2025-11-11,11,Selasa,46,11,November,4,2025,False,False
20251112,2025-11-12,12,Rabu,46,11,November,4,2025,False,False
20251113,2025-11-13,13,Kamis,46,11,November,4,2025,False,False
20251114,2025-11-14,14,Jumat,46,11,November,4,2025,False,False
20251115,2025-11-15,15,Sabtu,46,11,November,4,2025,True,False
20251116,2025-11-16,16,Minggu,46,11,November,4,2025,True,False
20251117,2025-11-17,17,Senin,47,11,November,4,2025,False,False
20251118,2025-11-18,18,Selasa,47,11,November,4,2025,False,False
20251119,2025-11-19,19,Rabu,47,11,November,4,2025,False,False
20251120,2025-11-20,20,Kamis,47,11,November,4,2025,False,False
20251121,2025-11-21,21,Jumat,47,11,November,4,2025,False,False
20251122,2025-11-22,22,Sabtu,47,11,November,4,2025,True,False
20251123,2025-11-23,23,Minggu,47,11,November,4,2025,True,False
20251124,2025-11-24,24,Senin,48,11,November,4,2025,False,False
20251125,2025-11-25,25,Selasa,48,11,November,4,2025,False,False
20251126,2025-11-26,26,Rabu,48,11,November,4,2025,False,False
20251127,2025-11-27,27,Kamis,48,11,November,4,2025,False,False
20251128,2025-11-28,28,Jumat,48,11,November,4,2025,False,False
20251129,2025-11-29,29,Sabtu,48,11,November,4,2025,True,False
20251130,2025-11-30,30,Minggu,48,11,November,4,2025,True,False
20251201,2025-12-01,1,Senin,49,12,Desember,4,2025,False,True
20251202,2025-12-02,2,Selasa,49,12,Desember,4,2025,False,True
20251203,2025-12-03,3,Rabu,49,12,Desember,4,2025,False,True
20251204,2025-12-04,4,Kamis,49,12,Desember,4,2025,False,True
20251205,2025-12-05,5,Jumat,49,12,Desember,4,2025,False,True
20251206,2025-12-06,6,Sabtu,49,12,Desember,4,2025,True,True
20251207,2025-12-07,7,Minggu,49,12,Desember,4,2025,True,True
20251208,2025-12-08,8,Senin,50,12,Desember,4,2025,False,True
20251209,2025-12-09,9,Selasa,50,12,Desember,4,2025,False,True
20251210,2025-12-10,10,Rabu,50,12,Desember,4,2025,False,True
20251211,2025-12-11,11,Kamis,50,12,Desember,4,2025,False,True
20251212,2025-12-12,12,Jumat,50,12,Desember,4,2025,False,True
20251213,2025-12-13,13,Sabtu,50,12,Desember,4,2025,True,True
20251214,2025-12-14,14,Minggu,50,12,Desember,4,2025,True,True
20251215,2025-12-15,15,Senin,51,12,Desember,4,2025,False,True
20251216,2025-12-16,16,Selasa,51,12,Desember,4,2025,False,True
20251217,2025-12-17,17,Rabu,51,12,Desember,4,2025,False,True
20251218,2025-12-18,18,Kamis,51,12,Desember,4,2025,False,True
20251219,2025-12-19,19,Jumat,51,12,Desember,4,2025,False,True
20251220,2025-12-20,20,Sabtu,51,12,Desember,4,2025,True,True
20251221,2025-12-21,21,Minggu,51,12,Desember,4,2025,True,True
20251222,2025-12-22,22,Senin,52,12,Desember,4,2025,False,True
20251223,2025-12-23,23,Selasa,52,12,Desember,4,2025,False,True
20251224,2025-12-24,24,Rabu,52,12,Desember,4,2025,False,True
20251225,2025-12-25,25,Kamis,52,12,Desember,4,2025,False,True
20251226,2025-12-26,26,Jumat,52,12,Desember,4,2025,False,True
20251227,2025-12-27,27,Sabtu,52,12,Desember,4,2025,True,True
20251228,2025-12-28,28,Minggu,52,12,Desember,4,2025,True,True
